Stress Level,mAP@50
clean,0.8829261543635039
level_1_dusk,0.7223738335920553
level_2_night,0.6788045513842873
level_3_severe,0.38690851833720746
