Stress Level,mAP@50
clean,0.8943483358139876
level_1_dusk,0.7059999888558457
level_2_night,0.6006253708045061
level_3_severe,0.36752544752518773
