Stress Level,mAP@50
clean,0.8808181999406355
level_1_dusk,0.712731880948558
level_2_night,0.5821021789286576
level_3_severe,0.28171101311234725
