Stress Level,mAP@50
clean,0.8829261543635039
level_1_dusk,0.860933251827404
level_2_night,0.611988019063324
level_3_severe,0.32377460496551264
