Stress Level,mAP@50
clean,0.8943483358139876
level_1_dusk,0.8673555738851615
level_2_night,0.5696745611615653
level_3_severe,0.30504960691357347
