Stress Level,mAP@50
clean,0.8808181999406355
level_1_dusk,0.8548674102302187
level_2_night,0.5897146211639995
level_3_severe,0.26842891396749485
