Stress Level,mAP@50
clean,0.8829261543635039
level_1_dusk,0.8464826161450398
level_2_night,0.6569200247214959
level_3_severe,0.3375507843903185
