Stress Level,mAP@50
clean,0.8808181999406355
level_1_dusk,0.8361033557905091
level_2_night,0.5543550733757744
level_3_severe,0.21829745314698407
