Stress Level,mAP@50
clean,0.8943483358139876
level_1_dusk,0.8285740428230574
level_2_night,0.5766688929318233
level_3_severe,0.29379293044296684
